,rmse,mae,r2,mape,n_samples
train,0.2231518605370271,0.14358854100771762,0.9999890063142257,0.1426134881000989,247.0
validation,9.53348917153141,4.969478660159641,0.9819617012472154,4.179440848353735,36.0
test,11.601214423140108,6.052004021658024,0.9669769289034739,6.135016688134103,71.0
