,rmse,mae,r2,mape,n_samples
train,0.20256422530212903,0.12556403875350952,0.9999900953395761,0.1079590537331321,256.0
validation,10.072696213131506,4.366825527615017,0.9335903359259415,8.885830882238963,36.0
test,18.60393744223479,11.418747471224878,0.8261439606357364,34.051229925199586,62.0
